<?xml version = '1.0' encoding = 'UTF-8'?>
<?xml-stylesheet type="text/xsl" href="" ?><plugins><pyqgis_plugin name="QAgriSupport" 
       plugin_id="" version="0.2.0">
<description>
<![CDATA[Demonstration of a QGIS Plugin]]>
</description>
<about></about>
<version>0.2.0</version>
<qgis_minimum_version>2.18</qgis_minimum_version>
<qgis_maximum_version>2.18</qgis_maximum_version>
<homepage>
<![CDATA[https://github.com/KasushiNishimura/QAgriSupport]]>
</homepage>
<file_name>QAgriSupport.0.2.0.zip</file_name>
<icon></icon>
<author_name><![CDATA[Kazushi Nishimura]]></author_name>
<download_url>https://raw.githubusercontent.com/KasushiNishimura/QAgriSupport/master/QAgriSupport.0.2.0.zip</download_url>
<uploaded_by><![CDATA[]]></uploaded_by>
<create_date></create_date>
<update_date></update_date>
<experimental>False</experimental>
<deprecated>False</deprecated>
<tracker>
<![CDATA[]]>
</tracker>
<repository>
<![CDATA[https://github.com/KasushiNishimura/QAgriSupport]]>
</repository>
<tags>
<![CDATA[QGIS,Agricurtural]]></tags>
<downloads>0</downloads>
<average_vote>0</average_vote>
<rating_votes>0</rating_votes>
</pyqgis_plugin>
</plugins>
